{"cameraMode":{"drawMode":0,"name":"Shaded","section":"Shading Mode"},"sceneLighting":false,"audioPlay":false,"sceneViewState":{"showFog":true,"showMaterialUpdate":true,"showSkybox":false,"showFlares":true,"showImageEffects":true,"showParticleSystems":true},"in2DMode":false,"pivot":{"x":-0.5958642959594727,"y":0.08192861080169678,"z":-0.44615358114242556},"rotation":{"x":0.15102671086788178,"y":-0.7688721418380737,"z":0.1969563066959381,"w":0.589311420917511},"size":1.207395076751709,"orthographic":false}