{"cameraMode":{"drawMode":0,"name":"Shaded","section":"Shading Mode"},"sceneLighting":false,"audioPlay":false,"sceneViewState":{"showFog":true,"showMaterialUpdate":true,"showSkybox":false,"showFlares":true,"showImageEffects":true,"showParticleSystems":true},"in2DMode":false,"pivot":{"x":1.139592170715332,"y":0.6458378434181213,"z":1.2985862493515015},"rotation":{"x":0.09790166467428208,"y":-0.7048343420028687,"z":0.09917566925287247,"w":0.6955758333206177},"size":1.7308833599090577,"orthographic":false}