{"cameraMode":{"drawMode":0,"name":"Shaded","section":"Shading Mode"},"sceneLighting":false,"audioPlay":false,"sceneViewState":{"showFog":true,"showMaterialUpdate":true,"showSkybox":true,"showFlares":true,"showImageEffects":true,"showParticleSystems":true},"in2DMode":false,"pivot":{"x":11.939727783203125,"y":11.270955085754395,"z":-37.46283721923828},"rotation":{"x":-0.514054000377655,"y":0.33564242720603945,"z":-0.2282223105430603,"w":-0.7556922435760498},"size":5.294989109039307,"orthographic":false}