{"cameraMode":{"drawMode":0,"name":"Shaded","section":"Shading Mode"},"sceneLighting":false,"audioPlay":false,"sceneViewState":{"showFog":true,"showMaterialUpdate":true,"showSkybox":false,"showFlares":true,"showImageEffects":true,"showParticleSystems":true},"in2DMode":false,"pivot":{"x":-0.014734983444213868,"y":1.8663921356201172,"z":-1.0584092140197755},"rotation":{"x":0.006109482143074274,"y":-0.9929186105728149,"z":0.05845846235752106,"w":0.1034245491027832},"size":2.9660279750823976,"orthographic":false}