{"cameraMode":{"drawMode":0,"name":"Shaded","section":"Shading Mode"},"sceneLighting":false,"audioPlay":false,"sceneViewState":{"showFog":true,"showMaterialUpdate":true,"showSkybox":false,"showFlares":true,"showImageEffects":true,"showParticleSystems":true},"in2DMode":false,"pivot":{"x":-0.3280686140060425,"y":3.4915215969085695,"z":-32.27058410644531},"rotation":{"x":0.2038617581129074,"y":0.06863619387149811,"z":-0.014337794855237008,"w":0.9765112400054932},"size":4.609747886657715,"orthographic":false}