{"cameraMode":{"drawMode":0,"name":"Shaded","section":"Shading Mode"},"sceneLighting":false,"audioPlay":false,"sceneViewState":{"showFog":true,"showMaterialUpdate":true,"showSkybox":false,"showFlares":true,"showImageEffects":true,"showParticleSystems":true},"in2DMode":false,"pivot":{"x":-0.07598081231117249,"y":-0.31698083877563479,"z":0.03630971908569336},"rotation":{"x":-0.03394000977277756,"y":-0.9660823345184326,"z":0.17910099029541017,"w":-0.1830015331506729},"size":1.1426515579223633,"orthographic":false}