{"cameraMode":{"drawMode":0,"name":"Shaded","section":"Shading Mode"},"sceneLighting":false,"audioPlay":false,"sceneViewState":{"showFog":true,"showMaterialUpdate":true,"showSkybox":false,"showFlares":true,"showImageEffects":true,"showParticleSystems":true},"in2DMode":false,"pivot":{"x":5.869259834289551,"y":-0.5054378509521484,"z":0.42967796325683596},"rotation":{"x":-0.01755410246551037,"y":-0.981283962726593,"z":0.15766672790050507,"w":-0.10940755158662796},"size":10.0,"orthographic":false}