{"cameraMode":{"drawMode":0,"name":"Shaded","section":"Shading Mode"},"sceneLighting":false,"audioPlay":false,"sceneViewState":{"showFog":true,"showMaterialUpdate":true,"showSkybox":false,"showFlares":true,"showImageEffects":true,"showParticleSystems":true},"in2DMode":false,"pivot":{"x":4.2562785148620609,"y":4.084254264831543,"z":-32.65690994262695},"rotation":{"x":0.2038617581129074,"y":0.06863619387149811,"z":-0.014337794855237008,"w":0.9765112400054932},"size":4.578667640686035,"orthographic":false}