{"cameraMode":{"drawMode":0,"name":"Shaded","section":"Shading Mode"},"sceneLighting":false,"audioPlay":false,"sceneViewState":{"showFog":true,"showMaterialUpdate":true,"showSkybox":false,"showFlares":true,"showImageEffects":true,"showParticleSystems":true},"in2DMode":false,"pivot":{"x":-11.242234230041504,"y":5.142220497131348,"z":-42.921390533447269},"rotation":{"x":0.1923556625843048,"y":0.04969954490661621,"z":-0.009776466526091099,"w":0.9800463914871216},"size":2.666025161743164,"orthographic":false}