{"cameraMode":{"drawMode":0,"name":"Shaded","section":"Shading Mode"},"sceneLighting":false,"audioPlay":false,"sceneViewState":{"showFog":true,"showMaterialUpdate":true,"showSkybox":true,"showFlares":true,"showImageEffects":true,"showParticleSystems":true},"in2DMode":false,"pivot":{"x":19.36952781677246,"y":-8.124351501464844,"z":-12.45153522491455},"rotation":{"x":0.19012148678302766,"y":0.6960079073905945,"z":-0.1996622532606125,"w":0.6630412340164185},"size":20.783903121948243,"orthographic":false}