{"cameraMode":{"drawMode":0,"name":"Shaded","section":"Shading Mode"},"sceneLighting":false,"audioPlay":false,"sceneViewState":{"showFog":true,"showMaterialUpdate":true,"showSkybox":false,"showFlares":true,"showImageEffects":true,"showParticleSystems":true},"in2DMode":false,"pivot":{"x":0.029777396470308305,"y":0.327394962310791,"z":0.34817132353782656},"rotation":{"x":0.3341399133205414,"y":0.02512909658253193,"z":-0.008933351375162602,"w":0.9421752691268921},"size":10.0,"orthographic":false}