{"cameraMode":{"drawMode":0,"name":"Shaded","section":"Shading Mode"},"sceneLighting":false,"audioPlay":false,"sceneViewState":{"showFog":true,"showMaterialUpdate":true,"showSkybox":false,"showFlares":true,"showImageEffects":true,"showParticleSystems":true},"in2DMode":false,"pivot":{"x":-0.43858394026756289,"y":2.4070372581481935,"z":-0.08175516128540039},"rotation":{"x":0.040073249489068988,"y":-0.9498299360275269,"z":0.13656944036483766,"w":0.27857276797294619},"size":3.811094045639038,"orthographic":false}