{"cameraMode":{"drawMode":0,"name":"Shaded","section":"Shading Mode"},"sceneLighting":false,"audioPlay":false,"sceneViewState":{"showFog":true,"showMaterialUpdate":true,"showSkybox":false,"showFlares":true,"showImageEffects":true,"showParticleSystems":true},"in2DMode":false,"pivot":{"x":0.12370585650205612,"y":-0.08163183927536011,"z":0.08079361915588379},"rotation":{"x":0.05257592722773552,"y":-0.8894372582435608,"z":0.4415656328201294,"w":0.10585888475179672},"size":0.4444361925125122,"orthographic":false}