{"cameraMode":{"drawMode":0,"name":"Shaded","section":"Shading Mode"},"sceneLighting":false,"audioPlay":false,"sceneViewState":{"showFog":true,"showMaterialUpdate":true,"showSkybox":false,"showFlares":true,"showImageEffects":true,"showParticleSystems":true},"in2DMode":false,"pivot":{"x":-0.3813004493713379,"y":-1.5426433086395264,"z":0.4132528305053711},"rotation":{"x":-0.08599243313074112,"y":0.9010377526283264,"z":-0.2093639373779297,"w":-0.3700549900531769},"size":3.2196149826049806,"orthographic":false}