{"cameraMode":{"drawMode":0,"name":"Shaded","section":"Shading Mode"},"sceneLighting":false,"audioPlay":false,"sceneViewState":{"showFog":true,"showMaterialUpdate":true,"showSkybox":true,"showFlares":true,"showImageEffects":true,"showParticleSystems":true},"in2DMode":false,"pivot":{"x":3.839484453201294,"y":-11.926880836486817,"z":-22.600008010864259},"rotation":{"x":0.31545037031173708,"y":-0.045848093926906589,"z":0.015229578129947186,"w":0.9477395415306091},"size":20.49862289428711,"orthographic":false}