{"cameraMode":{"drawMode":0,"name":"Shaded","section":"Shading Mode"},"sceneLighting":false,"audioPlay":false,"sceneViewState":{"showFog":true,"showMaterialUpdate":true,"showSkybox":false,"showFlares":true,"showImageEffects":true,"showParticleSystems":true},"in2DMode":false,"pivot":{"x":2.618283987045288,"y":1.5049386024475098,"z":2.1560311317443849},"rotation":{"x":-0.017177727073431016,"y":-0.2376757115125656,"z":-0.004224840551614761,"w":0.9712011218070984},"size":4.748912811279297,"orthographic":false}