{"cameraMode":{"drawMode":0,"name":"Shaded","section":"Shading Mode"},"sceneLighting":false,"audioPlay":false,"sceneViewState":{"showFog":true,"showMaterialUpdate":true,"showSkybox":false,"showFlares":true,"showImageEffects":true,"showParticleSystems":true},"in2DMode":false,"pivot":{"x":-0.8730913400650024,"y":0.41252803802490237,"z":-0.5766916275024414},"rotation":{"x":-0.0009391533676534891,"y":0.9845948219299316,"z":-0.1749076545238495,"w":-0.005294899456202984},"size":7.530662536621094,"orthographic":false}