{"cameraMode":{"drawMode":0,"name":"Shaded","section":"Shading Mode"},"sceneLighting":false,"audioPlay":false,"sceneViewState":{"showFog":true,"showMaterialUpdate":true,"showSkybox":false,"showFlares":true,"showImageEffects":true,"showParticleSystems":true},"in2DMode":false,"pivot":{"x":-0.8569085001945496,"y":-0.6218797564506531,"z":-0.6195411682128906},"rotation":{"x":0.06488102674484253,"y":-0.9277802109718323,"z":0.31343984603881838,"w":0.19188953936100007},"size":3.0937294960021974,"orthographic":false}