{"cameraMode":{"drawMode":0,"name":"Shaded","section":"Shading Mode"},"sceneLighting":false,"audioPlay":false,"sceneViewState":{"showFog":true,"showMaterialUpdate":true,"showSkybox":false,"showFlares":true,"showImageEffects":true,"showParticleSystems":true},"in2DMode":false,"pivot":{"x":3.240774393081665,"y":1.1699999570846558,"z":-41.95432662963867},"rotation":{"x":-0.08020910620689392,"y":-0.9063841104507446,"z":0.36339667439460757,"w":-0.200028195977211},"size":0.5426520705223084,"orthographic":false}