{"cameraMode":{"drawMode":0,"name":"Shaded","section":"Shading Mode"},"sceneLighting":false,"audioPlay":false,"sceneViewState":{"showFog":true,"showMaterialUpdate":true,"showSkybox":false,"showFlares":true,"showImageEffects":true,"showParticleSystems":true},"in2DMode":false,"pivot":{"x":4.599999904632568,"y":1.5494098663330079,"z":-43.900001525878909},"rotation":{"x":0.0273501705378294,"y":-0.962523877620697,"z":0.24814268946647645,"w":0.10610257834196091},"size":1.1489131450653077,"orthographic":false}