{"cameraMode":{"drawMode":0,"name":"Shaded","section":"Shading Mode"},"sceneLighting":false,"audioPlay":false,"sceneViewState":{"showFog":true,"showMaterialUpdate":true,"showSkybox":true,"showFlares":true,"showImageEffects":true,"showParticleSystems":true},"in2DMode":false,"pivot":{"x":2.708062171936035,"y":-0.47705650329589846,"z":-38.763858795166019},"rotation":{"x":-0.25337618589401247,"y":0.7090400457382202,"z":-0.3092813491821289,"w":-0.5808997750282288},"size":4.460938453674316,"orthographic":false}