{"cameraMode":{"drawMode":0,"name":"Shaded","section":"Shading Mode"},"sceneLighting":false,"audioPlay":false,"sceneViewState":{"showFog":true,"showMaterialUpdate":true,"showSkybox":false,"showFlares":true,"showImageEffects":true,"showParticleSystems":true},"in2DMode":false,"pivot":{"x":4.3758721351623539,"y":1.9807472229003907,"z":-43.446014404296878},"rotation":{"x":0.028871001675724984,"y":-0.9692518711090088,"z":0.2008301317691803,"w":0.13934777677059174},"size":1.333012580871582,"orthographic":false}